Mean_Train,STD_Train,Finish Train,Mean_Test,STD_Test,Finish Test
554.8826530612245,2118.3962507059928,0.0,303.7857142857143,1579.2293409205927,0.0
